#,word,chord
0,the,dar
2,and,akd
7,have,waf
11,that,aeh
12,for,flq
13,you,iou
15,with,wid
18,say,sea
19,this,jiqse
20,they,dai
22,but,doq
24,his,hase
25,from,flm
26,that,aeh
27,not,nafd
28,n't,dks
30,she,she
33,what,wod
35,their,her
36,can,kaux
37,who,wou
38,get,dps
40,would,wud
41,her,wher
42,all,arl
44,make,malk
45,about,ado
46,know,kew
47,will,suil
50,one,wup
51,time,dsm
52,there,dlr
53,year,jir
55,think,flk
56,when,uek
57,which,oic
58,them,dlm
59,some,seo
61,people,epl
62,take,ald
63,out,owfd
64,into,dko
65,just,josfd
66,see,sey
67,him,dwm
68,your,jor
69,come,klm
70,could,lkud
71,now,gou
72,than,dakj
73,like,livx
74,other,udirw
75,how,wdou
76,then,dkl
77,its,dls
78,our,owe
79,two,eou
80,more,msr
81,these,dys
82,want,wdk
83,way,oaiw
84,look,lux
85,first,fdlsz
86,also,als
87,new,pou
88,because,klz
89,day,eai
90,more,msr
91,use,jos
93,man,mak
94,find,fld
95,here,wir
96,thing,fid
97,give,sif
98,many,mek
99,well,fuel
100,only,ewlp
101,those,dox
102,tell,djl
103,one,wup
104,very,feji
105,her,wher
106,even,efak
107,back,buk
108,any,efpwi
109,good,zod
110,woman,wak
111,through,fkou
113,life,lif
114,child,ild
115,there,dlr
116,work,lrk
117,down,ekow
118,may,mas
119,after,afdlu
120,should,shd
121,call,xaul
122,world,uld
123,over,ofe
124,school,skul
125,still,seiq
126,try,dri
129,last,ldusz
130,ask,lsk
131,need,plid
132,too,tou
133,feel,fijlx
134,three,fse
135,when,uek
136,state,sajd
137,never,efk
138,become,bkl
139,between,dpw
140,high,wji
141,really,rel
142,something,smf
143,most,mew
144,another,apuir
145,much,mcs
146,family,faml
147,own,ewn
148,out,owfd
149,leave,lifuz
150,put,pod
151,old,wld
152,while,jwil
153,mean,mfk
155,keep,klp
156,student,skoda
157,why,ois
158,let,les
159,great,drai
160,same,sai
161,big,bil
162,group,rop
163,begin,bip
164,seem,lsem
165,country,kdlr
166,help,wfelp
167,talk,eaulk
168,where,uer
169,turn,djrk
170,problem,alm
171,every,efy
172,start,sarj
173,hand,aukwd
174,might,mdf
175,American,amekl
176,show,shef
177,part,jparo
178,about,ado
179,against,aeks
180,place,plase
181,over,ofe
182,such,sch
183,again,aek
184,few,fjl
185,case,chasv
186,most,mew
187,week,welk
188,company,klpa
189,where,uer
190,system,dsam
191,each,icf
192,right,rijd
193,program,pruw
194,hear,hwr
196,question,culsi
197,during,doi
198,work,lrk
199,play,jpla
200,government,dfak
201,run,ruk
202,small,sarl
203,number,ker
204,off,ofs
205,always,alus
206,move,aouf
207,like,livx
208,night,djk
209,live,jliv
211,point,podk
212,believe,elsf
213,hold,qwld
214,today,ady
215,bring,ris
216,happen,apk
217,next,kcx
218,without,idow
219,before,bop
220,large,laj
221,all,arl
222,million,mkle
223,must,eus
224,home,fewm
225,under,uker
226,water,oaw
227,room,rou
228,write,risd
229,mother,mdr
230,area,eri
231,national,asekl
232,money,opi
233,story,sdor
234,young,jog
235,fact,fadl
236,month,kof
237,different,dfakl
238,lot,lae
239,right,rijd
240,study,sudi
241,book,bulk
242,eye,csy
243,job,jae
244,word,wrd
245,though,hqw
246,business,ksac
247,issue,isou
248,side,jsid
249,kind,kjpld
250,four,lsr
251,head,whfd
252,far,har
253,black,flaux
254,long,gop
255,both,jewf
256,little,jirl
257,house,fouwe
258,yes,jls
259,after,afdlu
260,since,cipjs
261,long,gop
262,provide,pafd
263,service,cfs
264,around,krwd
265,friend,flpd
266,important,dmak
267,father,fadil
268,sit,sifd
269,away,aoi
270,until,udpil
271,power,pow
272,hour,owi
273,game,dam
274,often,fakl
275,yet,jdf
276,line,lipv
277,political,palrk
278,end,kxd
279,among,aos
280,ever,efis
281,stand,sane
282,bad,aeu
283,lose,lus
284,however,owf
285,member,emr
286,pay,paiw
287,law,lau
288,meet,mdk
289,car,lkar
290,city,seir
291,almost,aldrs
292,include,xld
293,continue,adjl
294,set,sdn
295,later,lariw
296,community,kajl
297,much,mcs
298,name,ksam
299,five,file
300,once,ouks
301,white,uixd
302,least,lesi
303,president,pksda
304,learn,lerk
305,real,real
306,change,akej
307,team,dij
308,minute,mkt
309,best,esq
310,several,svl
311,idea,ydf
312,kid,fjxid
313,body,aey
314,information,fks
315,nothing,kuf
316,ago,aew
317,right,rijd
318,lead,lidz
319,social,csl
320,understand,dkrsa
321,whether,wdir
322,back,buk
323,watch,oacf
324,together,adhr
325,follow,fale
326,around,krwd
327,parent,padk
328,only,ewlp
329,stop,svdap
330,face,lfais
331,anything,efp
332,create,krald
333,public,pulvx
334,already,aldw
335,speak,splk
336,others,udrs
337,read,lrid
338,level,jzfl
339,allow,aou
340,add,adj
341,office,aflse
342,spend,spkd
343,door,djor
344,health,hwf
345,person,pksa
346,art,are
347,sure,asor
348,such,sch
349,war,wor
350,history,hdsr
351,party,par
352,within,oijpt
353,grow,lrew
354,result,dzl
355,open,ewak
356,change,akej
357,morning,mkr
358,walk,uawlk
359,reason,rksa
360,low,lepqw
361,win,uips
362,research,fszch
363,girl,serl
364,guy,gil
365,early,erlis
366,food,flud
367,before,bop
368,moment,akdr
369,himself,mslf
370,air,ers
371,teacher,dhr
372,force,foc
373,offer,ofis
374,enough,lpuf
375,both,jewf
376,education,jasl
377,across,icvas
378,although,aldr
379,remember,emsr
380,foot,fod
381,second,kaxd
382,boy,bou
383,maybe,mae
384,toward,awod
385,able,aisl
386,age,aijew
387,off,ofs
388,policy,pals
389,everything,efh
390,love,lue
391,process,pcvs
392,music,jsk
393,including,uxld
394,consider,alsdp
395,appear,apir
396,actually,akclu
397,buy,bij
398,probably,pral
399,human,jkw
400,wait,waid
401,serve,sjf
402,market,mdklq
403,die,dix
404,send,sfkd
405,expect,dkspl
406,home,fewm
407,sense,cjps
408,build,jild
409,stay,sudzi
410,fall,pawl
412,nation,kps
413,plan,plaku
414,cut,xud
415,college,kalej
416,interest,dprs
417,death,dxf
418,course,korse
419,someone,skm
420,experience,kpx
421,behind,lipwd
422,reach,vch
423,local,dwkl
424,kill,kjl
425,six,clks
426,remain,reak
427,effect,dflx
428,use,jos
429,yeah,jew
430,suggest,ajs
431,class,klaus
432,control,kdxl
433,raise,rase
434,care,jlker
435,perhaps,eaps
436,little,jirl
437,late,laief
438,hard,arew
439,field,fsld
440,else,ejls
441,pass,peus
442,former,flme
443,sell,psel
444,major,jqr
445,sometimes,sodz
446,require,aekwl
447,along,aox
448,development,dfklp
449,themselves,dmlfs
450,report,dpor
451,role,rwl
452,better,aeir
453,economic,klx
454,effort,dfjl
456,decide,dfsy
457,rate,jraod
458,strong,sdrn
459,possible,pacl
460,heart,arw
461,drug,dru
462,show,shef
463,leader,ldjr
464,light,jlxzd
465,voice,fus
466,wife,wlf
467,whole,hewq
468,police,pls
469,mind,mkwd
470,finally,filp
471,pull,pul
472,return,djpr
473,free,lqri
474,military,mdlqw
475,price,prs
476,report,dpor
477,less,leqs
478,according,akord
479,decision,dksz
480,explain,cksla
481,son,sok
482,hope,fewp
483,even,efak
484,develop,dflap
485,view,vjo
486,relationship,laisp
487,carry,kaurl
488,town,douk
489,road,rlwd
490,drive,dxif
491,arm,afmx
492,true,drou
493,federal,dprl
494,break,aix
495,better,aeir
496,difference,dfaks
497,thank,faulk
498,receive,syf
499,value,faijo
500,international,dpsul
501,building,ildv
502,action,akslp
503,full,tul
504,model,mvdlx
505,join,jek
506,season,skz
507,society,casi
508,because,klz
509,tax,alds
510,director,ktl
511,early,erlis
512,position,jzs
513,player,plae
514,agree,ary
515,especially,cpsli
516,record,lqird
517,pick,pix
518,wear,oers
519,paper,aper
520,special,cpsl
521,space,cpas
522,ground,krud
523,form,fdlm
524,support,sador
525,event,dvk
526,official,afhs
527,whose,euw
528,matter,qriu
529,everyone,fkw
530,center,sdkr
531,couple,xpl
532,site,sipd
533,end,kxd
534,project,pdfjx
535,hit,jiwd
536,base,jase
537,activity,akdlv
538,star,sdjz
539,table,daisl
540,need,plid
541,court,kdjl
542,produce,padus
543,eat,ivd
544,American,amekl
545,teach,dfh
546,oil,sil
547,half,waulf
548,situation,ckoas
549,easy,eqsy
550,cost,kfsld
551,industry,doskr
552,figure,ijel
553,face,lfais
554,street,sery
555,image,eij
556,itself,idslf
557,phone,fkwl
558,either,idorw
559,data,dary
560,cover,kufel
561,quite,duil
562,picture,pixcv
563,clear,klqr
564,practice,pauxc
565,piece,pis
566,land,lapeu
567,recent,rdsap
568,describe,dlsri
569,product,pradl
570,doctor,dalir
571,wall,warl
572,patient,pdsjz
573,worker,wklr
574,news,kus
575,test,dfsj
576,movie,ufi
577,certain,sern
578,north,opf
579,love,lue
580,personal,peksa
581,open,ewak
582,support,sador
583,simply,sipl
584,third,fud
585,technology,dxalj
586,catch,klucz
587,step,sdfp
588,baby,afi
589,computer,kalpj
590,type,tip
591,attention,akprs
592,draw,drau
593,film,tlm
594,Republican,kplxa
595,tree,sdry
596,source,jeors
597,red,rjd
598,nearly,irlp
599,organization,oakps
600,choose,cous
601,cause,kluse
602,hair,wjer
603,look,lux
604,point,podk
605,century,scip
606,evidence,fdaps
607,window,udkw
608,difficult,dfixl
609,listen,laser
610,soon,coku
611,culture,kulc
612,billion,ilep
613,chance,akus
614,brother,rui
615,energy,krj
616,period,piad
617,course,korse
618,summer,sur
619,less,leqs
620,realize,ealis
621,hundred,kodrw
622,available,avl
623,plant,pleku
624,likely,lxz
625,opportunity,apdko
626,term,dsrm
627,short,sofzd
628,letter,lejir
629,condition,dislp
630,choice,cois
631,place,plase
632,single,sijl
633,rule,rous
634,daughter,daiu
635,administration,dmkrs
636,south,seuf
637,husband,kosa
638,Congress,alris
639,floor,lpr
640,campaign,kapx
641,material,mael
642,population,aejls
643,well,fuel
644,call,xaul
645,economy,kalmr
646,medical,mdkl
647,hospital,asprl
648,church,aerh
649,close,klejs
650,thousand,fosad
651,risk,eqsk
652,current,kdlrp
653,fire,lfaej
654,future,fjc
655,wrong,rqn
656,involve,kalv
657,defense,dflps
658,anyone,kpw
659,increase,klzs
660,security,skjo
661,bank,aux
662,myself,mself
663,certainly,serjl
664,west,odsf
665,sport,spod
666,board,aord
667,seek,sflk
668,per,pers
669,subject,sofjc
670,officer,afc
671,private,dva
672,rest,rjskd
673,behavior,afjw
674,deal,dilx
675,performance,pfals
676,fight,lfiud
677,throw,faew
678,top,fdapw
679,quickly,kuxl
680,past,pausf
681,goal,jwl
682,second,kaxd
683,bed,pes
684,order,ordis
685,author,afu
686,fill,fils
687,represent,epks
688,focus,flcas
689,foreign,faklw
690,drop,ewrap
691,plan,plaku
692,blood,wlud
693,upon,apek
694,agency,ajks
695,push,pos
696,nature,acp
697,color,xuliz
699,recently,adpli
700,store,dqor
701,reduce,rdous
702,sound,soukd
703,note,kot
704,fine,flp
705,before,bop
706,near,lpqir
707,movement,dofak
708,page,paj
709,enter,epir
710,share,asher
711,than,dakj
712,common,kaelp
713,poor,pors
714,other,udirw
715,natural,acul
716,race,jaise
717,concern,kcjx
718,series,cix
719,significant,sdfkp
720,similar,smlr
721,hot,hawd
722,language,laej
723,each,icf
724,usually,jzl
725,response,cjkzs
726,dead,dpx
727,rise,orise
728,animal,aiul
729,factor,faxdl
730,decade,dixa
731,article,aicl
732,shoot,soud
733,east,isvd
734,save,seaf
735,seven,sefak
736,artist,adris
737,away,aoi
738,scene,sekf
739,stock,sdalf
740,career,kelrw
741,despite,djsp
742,central,sdprl
743,eight,aifd
744,thus,dlus
745,treatment,drkm
746,beyond,bjop
747,happy,apu
748,exactly,dxakl
749,protect,pradk
750,approach,aprw
751,lie,liq
752,size,siz
753,dog,dax
754,fund,fupd
755,serious,eiras
756,occur,alkef
757,media,mdar
758,ready,rqdi
759,sign,sejk
760,thought,faeu
761,list,ldsz
762,individual,dkvjl
763,simple,cpl
764,quality,kuler
765,pressure,pesjr
766,accept,akclp
767,answer,akseu
768,hard,arew
769,resource,aeors
770,identify,djkfl
771,left,lpt
772,meeting,mera
773,determine,ermk
774,prepare,liper
775,disease,dxz
776,whatever,wudf
777,success,akjls
778,argue,ajo
779,cup,kop
780,particularly,xjl
781,amount,adowk
782,ability,aeilr
783,staff,sdaf
784,recognize,klpx
785,indicate,dpxa
786,character,adlxu
787,growth,kewf
788,loss,fose
789,degree,dwry
790,wonder,wudr
791,attack,ltuk
792,herself,prsl
793,region,rjak
794,television,dkvsa
795,box,alkc
797,training,eprai
798,pretty,pirq
799,trade,eiraw
800,deal,dilx
801,election,lpxa
802,everybody,fady
803,physical,fxkl
804,lay,flai
805,general,jkqrl
806,feeling,glp
807,standard,saipu
808,bill,bijl
809,message,fsij
810,fail,pail
811,outside,ouci
812,arrive,eaif
813,analysis,alcus
814,benefit,dfkq
815,name,ksam
816,sex,ckl
817,forward,flwid
818,lawyer,luer
819,present,pkz
820,section,clpsa
821,environmental,efkpl
822,glass,elaus
823,answer,akseu
824,skill,cxl
825,sister,disjr
827,professor,pfs
828,operation,kpers
829,financial,fkpsl
830,crime,krlm
831,stage,sdaij
833,compare,kame
834,authority,afio
835,miss,mfse
836,design,dpz
837,sort,sojqd
838,one,wup
839,act,akud
840,ten,dfp
841,knowledge,alpje
842,gun,gok
843,station,asdkj
844,blue,bpou
845,state,sajd
846,strategy,sardj
847,little,jirl
848,clearly,xijl
849,discuss,dilus
850,indeed,idjp
851,force,foc
852,truth,douf
853,song,sen
854,example,saml
855,democratic,dlmax
856,check,chx
857,environment,dfkm
858,leg,lej
859,dark,dlzk
860,public,pulvx
861,various,vis
862,rather,audio
863,laugh,aupw
864,guess,fejs
865,executive,skjf
866,set,sdn
867,study,sudi
868,prove,puf
869,hang,auw
870,entire,dpair
871,rock,qrwlk
872,design,dpz
873,enough,lpuf
874,forget,fdlq
875,since,cipjs
876,claim,clam
877,note,kot
878,remove,emf
879,manager,aije
880,help,wfelp
881,close,klejs
882,sound,soukd
883,enjoy,jok
884,network,dlpwk
885,legal,jigl
886,religious,rljas
887,cold,kqwld
888,form,fdlm
889,final,fipcl
890,main,makf
891,science,caips
892,green,kreq
893,memory,emlr
894,card,lkajd
895,above,aov
896,seat,fsyqd
897,cell,sml
898,establish,aulis
899,nice,pic
900,trial,jdril
901,expert,ksplr
902,that,aeh
903,spring,spjiv
904,firm,lfekm
905,Democrat,dlmkr
906,radio,adio
907,visit,fdzi
908,management,ajkp
909,care,jlker
910,avoid,afod
911,imagine,ajip
912,tonight,aeip
913,huge,jow
914,ball,jawl
916,close,klejs
917,finish,flpqs
918,yourself,jself
919,talk,eaulk
920,theory,fij
921,impact,dlpau
922,respond,rspa
923,statement,sadmr
924,maintain,madks
925,charge,cavj
926,popular,jlr
927,traditional,djspl
928,onto,adpo
929,reveal,jefil
930,direction,drsan
931,weapon,wkpa
932,employee,eplu
933,cultural,kuc
934,contain,kdpx
935,peace,lpise
936,head,whfd
937,control,kdxl
938,base,jase
939,pain,pek
940,apply,ajli
941,play,jpla
942,measure,mesqr
943,wide,wyd
944,shake,fsalk
945,fly,pqli
946,interview,dkvj
947,manage,aepj
948,chair,qher
949,fish,fiqs
950,particular,pxjl
951,camera,alru
952,structure,slruk
953,politics,aldix
954,perform,pif
955,bit,diz
956,weight,uai
957,suddenly,sudlr
958,discover,dskuf
959,candidate,kadux
960,top,fdapw
961,production,pdoks
962,treat,eriw
963,trip,sdrip
964,evening,efip
965,affect,adlx
966,inside,pvszd
967,conference,kafps
968,unit,jodk
969,best,esq
970,style,sjdil
971,adult,aeul
972,worry,jwori
973,range,rapj
974,mention,jkpq
975,rather,audio
976,far,har
977,deep,dipu
978,past,pausf
979,edge,ejp
980,individual,dkvjl
981,specific,casfk
982,writer,ayer
983,trouble,eoruq
984,necessary,cjsk
985,throughout,fdouw
986,challenge,calpj
987,fear,lfiu
988,shoulder,soir
989,institution,dosau
990,middle,mxdl
991,sea,jsi
992,dream,drqm
993,bar,oar
994,beautiful,jprl
995,property,apelr
996,instead,ijspd
997,improve,pouf
998,stuff,sqdof
999,detail,dijal
1000,method,mfad
1001,sign,sejk
1002,somebody,soadi
1003,magazine,makx
1004,hotel,djwl
1005,soldier,clj
1006,reflect,dlpx
1007,heavy,wefi
1008,sexual,cksul
1009,cause,kluse
1010,bag,aus
1011,heat,qywd
1012,fall,pawl
1013,marriage,aeiu
1014,tough,euf
1015,sing,sefn
1016,surface,clfis
1017,purpose,erpas
1018,exist,dzis
1019,pattern,padku
1020,whom,fouw
1021,skin,seklp
1022,agent,ajdkr
1023,owner,kwr
1024,machine,marsk
1025,gas,ause
1026,down,ekow
1027,ahead,awhfd
1028,generation,jaskp
1029,commercial,camsl
1030,address,adfjs
1031,cancer,caksu
1032,test,dfsj
1033,item,sram
1034,reality,aleru
1035,coach,kewfl
1036,step,sdfp
1037,Mrs,msz
1038,yard,jare
1039,beat,bio
1040,violence,vakls
1041,total,dpwrl
1042,tend,jpd
1043,investment,dfsma
1044,discussion,dkoax
1045,finger,fne
1046,garden,ardn
1047,notice,fopis
1048,collection,cklx
1049,modern,madkr
1050,task,ausld
1051,partner,pdkr
1052,positive,axdf
1053,civil,seifl
1054,kitchen,kcax
1055,consumer,kalsm
1056,shot,sahd
1057,budget,doji
1058,wish,oisv
1059,painting,padfk
1060,scientist,cajks
1061,safe,calf
1062,agreement,gkm
1063,capital,karu
1064,mouth,mwf
1065,nor,ksor
1066,victim,fdklm
1067,newspaper,ksapu
1068,instead,ijspd
1069,threat,fdq
1070,responsibility,kpbl
1071,smile,semal
1072,attorney,adkrw
1073,score,skof
1074,account,akop
1075,interesting,dpqrs
1076,break,aix
1077,audience,akuc
1078,rich,icj
1079,dinner,dilpr
1080,figure,ijel
1081,vote,fdwj
1082,western,udskr
1083,relate,rdlaj
1084,travel,duvl
1085,debate,dfijq
1086,prevent,pdfk
1087,citizen,eipsa
1088,majority,ajw
1089,none,kpu
1090,front,fdulp
1091,born,bok
1092,admit,aems
1093,senior,spjqr
1094,assume,aseo
1095,wind,uiep
1096,key,lkep
1097,professional,pfksz
1098,mission,mksr
1099,fast,faucl
1100,alone,aewp
1101,customer,dlsmr
1102,suffer,sufl
1103,speech,spicf
1104,successful,akcfl
1105,option,kpsr
1106,participant,djksp
1107,southern,sudpr
1108,fresh,fhs
1109,eventually,fcklu
1111,forest,fadsu
1112,video,fdio
1113,global,luw
1114,Senate,sdna
1115,reform,fklm
1116,access,ukczs
1117,restaurant,rsan
1118,judge,jeok
1119,publish,pulis
1120,cost,kfsld
1121,relation,rlaip
1122,like,livx
1123,release,zlic
1124,own,ewn
1125,bird,erj
1126,opinion,kpr
1127,credit,xfdiz
1128,critical,cixl
1129,corner,klper
1130,concerned,kacpx
1131,recall,rkawl
1132,version,vks
1133,stare,sdqr
1134,safety,safdi
1135,effective,dklpv
1136,neighborhood,akow
1137,original,eprjl
1138,act,akud
1139,troop,doup
1140,income,gklm
1141,directly,djxl
1142,hurt,hdrw
1143,species,csz
1144,immediately,mdalv
1145,track,dlvuk
1146,basic,acx
1147,strike,sqrk
1148,hope,fewp
1149,sky,selkf
1150,freedom,fldam
1151,absolutely,aesou
1152,plane,plakf
1153,nobody,padw
1154,achieve,acif
1155,object,djxz
1156,attitude,aroud
1157,labor,lajr
1158,refer,eflp
1159,concept,kacp
1160,client,xladp
1161,powerful,pwfl
1162,perfect,pfk
1163,nine,gip
1164,therefore,djpor
1165,conduct,jdoxp
1166,announce,akous
1167,conversation,cflps
1168,examine,saiu
1169,touch,fuc
1170,please,plfz
1171,attend,aen
1172,completely,xapil
1173,vote,fdwj
1174,variety,fay
1175,sleep,fslep
1176,turn,djrk
1177,involved,palvd
1178,investigation,fcasp
1179,nuclear,pklur
1180,researcher,fsci
1181,press,pfes
1182,conflict,kdflx
1183,spirit,spdrj
1184,experience,kpx
1185,replace,iplac
1186,British,irjs
1187,encourage,xij
1188,argument,adjok
1190,once,ouks
1191,camp,kaup
1192,brain,ran
1193,feature,facil
1194,afternoon,afko
1196,weekend,okxd
1197,dozen,ekosa
1198,possibility,acy
1199,along,aox
1200,insurance,soac
1201,department,dakmw
1202,battle,pqul
1203,beginning,bijp
1204,date,dafiw
1205,generally,jeilp
1206,African,afklx
1207,very,feji
1208,sorry,say
1209,crisis,kfcls
1210,complete,xady
1211,fan,fapl
1212,stick,sjic
1213,define,dfjk
1214,easily,izl
1215,through,fkou
1216,hole,uewl
1217,element,elmar
1218,vision,vksa
1219,status,audis
1220,normal,gml
1221,Chinese,ckz
1222,ship,sipv
1223,solution,akosr
1224,stone,sdokf
1225,slowly,sejli
1226,scale,scail
1227,bit,diz
1228,university,jfeks
1229,introduce,kraus
1230,driver,dfiu
1231,attempt,aemw
1232,park,pjrlk
1233,spot,sepj
1234,lack,jlax
1235,ice,iose
1236,boat,dqw
1237,drink,dnx
1238,sun,seuk
1239,front,fdulp
1240,distance,arkjs
1241,wood,jwod
1242,handle,epuw
1243,truck,drulk
1244,return,djpr
1245,mountain,dowkp
1246,survey,cijva
1247,supposed,spzd
1248,tradition,hras
1249,winter,wdpr
1250,village,vlj
1251,Soviet,sofid
1252,refuse,fjos
1253,sales,slz
1254,roll,rjwl
1255,communication,cjlps
1256,run,ruk
1257,screen,cxvn
1258,gain,aipc
1259,resident,fkxda
1260,hide,wfid
1261,gold,pwld
1262,club,clu
1263,future,fjc
1264,farm,larm
1265,potential,pqrsl
1266,increase,klzs
1267,middle,mxdl
1268,European,jogp
1269,presence,pkzs
1270,independent,dkpav
1271,district,dlskz
1272,shape,fsaip
1273,reader,euir
1275,contract,kdlux
1276,crowd,kqowd
1277,Christian,xcapv
1278,express,kcpls
1279,apartment,apdkw
1280,willing,ugli
1281,strength,sdnf
1282,previous,pefis
1283,band,apud
1284,obviously,avisl
1285,horse,eorw
1286,interested,ipsvd
1287,target,arjiw
1288,prison,prake
1289,ride,ryew
1290,guard,eqru
1291,terms,dmx
1292,demand,eapu
1293,reporter,epoi
1294,deliver,djlv
1295,text,djksl
1296,share,asher
1297,tool,dpul
1298,wild,wile
1299,vehicle,vxl
1300,observe,axf
1301,flight,plit
1302,inside,pvszd
1303,facility,fasei
1304,understanding,okpsu
1305,average,afuiw
1306,emerge,iserj
1307,advantage,adfpj
1308,quick,kux
1309,light,jlxzd
1310,leadership,ldqsp
1311,earn,erkj
1312,pound,pouek
1313,basis,acfs
1314,bright,eriq
1315,operate,apidw
1316,guest,dlsq
1317,sample,saupl
1318,contribute,kajx
1319,tiny,dkq
1320,block,vlac
1321,protection,adhx
1322,settle,serlu
1323,feed,lfzd
1324,collect,calx
1325,additional,dpszl
1326,while,jwil
1327,highly,pilw
1328,identity,djpri
1329,title,wdirl
1330,mostly,masdl
1331,lesson,san
1332,faith,faip
1333,river,ifeo
1334,promote,pradw
1335,living,lcvi
1336,present,pkz
1337,count,koudx
1338,unless,uples
1339,marry,auri
1340,tomorrow,amdrw
1341,technique,djklx
1342,path,paf
1343,ear,ior
1344,shop,fjsap
1345,folk,flx
1346,order,ordis
1347,principle,fksp
1348,survive,svy
1349,lift,ldjp
1350,border,jodir
1351,competition,kdmx
1352,jump,jeofp
1353,gather,audif
1354,limit,ldmv
1355,fit,lfiqd
1356,claim,clam
1357,cry,luri
1358,equipment,dlwma
1359,worth,wheaf
1360,associate,acojv
1361,critic,cjlk
1362,warm,worj
1363,aspect,dspku
1364,result,dzl
1365,insist,cfsk
1366,failure,falij
1367,annual,ajok
1368,French,fjkcl
1369,Christmas,kcmas
1370,comment,kdmfx
1371,responsible,kpb
1372,affair,alfew
1373,approach,aprw
1374,until,udpil
1375,procedure,pasej
1376,regular,ejor
1377,spread,sprqu
1378,chairman,ckm
1379,baseball,eisul
1380,soft,sdlfj
1381,ignore,ipor
1382,egg,eqw
1383,measure,mesqr
1384,belief,blp
1385,demonstrate,dkmsv
1386,anybody,ioadp
1387,murder,mekqr
1388,gift,difj
1389,religion,relja
1390,review,efiou
1391,editor,eiu
1392,past,pausf
1393,engage,efaj
1394,coffee,xof
1395,document,kjop
1396,speed,cpj
1397,cross,kqose
1398,influence,efoas
1399,anyway,ekoa
1400,threaten,faen
1401,commit,xamd
1402,female,fwmal
1403,youth,iouf
1404,wave,haf
1405,move,aouf
1406,afraid,afjld
1407,quarter,kuoe
1408,background,lpuwd
1409,native,akv
1410,broad,jawd
1411,wonderful,wdpfl
1412,deny,dpxi
1413,apparently,dpkru
1414,slightly,seilq
1415,reaction,cksu
1416,twice,euis
1417,suit,souvd
1418,perspective,dspkv
1419,growing,rewn
1420,blow,jleqw
1421,construction,dlpux
1422,kind,kjpld
1423,intelligence,jkprs
1424,destroy,esrou
1425,cook,lkpux
1426,connection,ckpx
1427,charge,cavj
1428,burn,erkw
1429,shoe,fsou
1430,view,vjo
1431,grade,jraid
1432,context,kalxc
1433,committee,xay
1434,hey,wha
1435,mistake,mcalk
1436,focus,flcas
1437,smile,semal
1438,location,coks
1439,clothes,xldz
1440,Indian,dkpq
1441,quiet,dwail
1442,dress,qrs
1443,promise,prjis
1444,aware,aweh
1445,neighbor,aifep
1446,complete,xady
1447,drive,dxif
1448,function,fokx
1449,bone,ewkj
1450,active,akuf
1451,extend,kcp
1452,chief,cjilf
1453,average,afuiw
1454,combine,camk
1455,wine,uip
1456,below,bjl
1457,cool,kqul
1458,voter,voi
1459,mean,mfk
1460,demand,eapu
1461,learning,lgip
1462,bus,jose
1463,hell,wqel
1464,dangerous,jkc
1465,remind,remks
1466,moral,mawrl
1467,United,jokrd
1468,category,aelui
1469,relatively,adjvl
1470,victory,fjkel
1471,key,lkep
1472,academic,kdlmx
1473,visit,fdzi
1474,Internet,djkpr
1475,healthy,welfi
1476,fire,lfaej
1477,negative,ajkf
1478,following,faewi
1479,historical,druwl
1480,medicine,mdfsk
1481,tour,wdor
1482,depend,dkpv
1483,photo,fewo
1484,finding,felip
1485,grab,raus
1486,direct,dlrkq
1487,classroom,casou
1488,contact,kdpux
1489,justice,jodis
1490,participate,dispz
1491,daily,eawy
1492,fair,ljer
1493,pair,lper
1494,famous,famls
1495,exercise,clsz
1496,knee,kqe
1497,flower,lpwr
1498,tape,fdaip
1499,hire,wair
1500,familiar,famlx
1501,appropriate,aopi
1502,supply,seplq
1503,fully,puli
1504,cut,xud
1505,will,suil
1506,actor,adliu
1507,birth,eqf
1508,search,sach
1509,tie,qdy
1510,democracy,fmaks
1511,eastern,dskqr
1512,primary,pefui
1513,yesterday,jsira
1514,circle,svzcl
1515,device,difjs
1516,progress,parus
1517,next,kcx
1518,front,fdulp
1519,bottom,bkm
1520,island,jlprd
1521,exchange,fxcij
1522,clean,klepj
1523,studio,diuw
1524,train,daipj
1525,lady,ladv
1526,colleague,xalij
1527,application,plcsu
1528,neck,fplk
1529,lean,lepj
1530,damage,dauiv
1531,plastic,psuk
1532,tall,fdawl
1533,plate,plaei
1534,hate,aiew
1535,otherwise,duz
1536,writing,ryw
1537,press,pfes
1538,male,malv
1539,start,sarj
1540,alive,aliv
1541,expression,xcan
1542,football,fudwl
1543,intend,kpt
1544,attack,ltuk
1545,chicken,cpx
1546,army,arji
1547,abuse,aouc
1548,theater,feiu
1549,shut,sovd
1550,map,saup
1551,extra,dhsra
1552,session,csan
1553,danger,dafjk
1554,welcome,wefku
1555,domestic,flmsk
1556,lots,lajds
1557,literature,leqir
1558,rain,rejkq
1559,desire,daxov
1560,assessment,cksm
1561,injury,jpr
1562,respect,cpxz
1563,northern,koep
1564,nod,nad
1565,paint,pafek
1566,fuel,fjoa
1567,leaf,cilf
1568,direct,dlrkq
1569,dry,dqris
1570,Russian,osipz
1571,instruction,cpuks
1572,fight,lfiud
1573,pool,psul
1574,climb,xlm
1575,sweet,cui
1576,lead,lidz
1577,engine,ejkp
1578,fourth,fops
1579,salt,sdlv
1580,expand,ksplu
1581,importance,kpors
1582,metal,kmerl
1583,fat,fauel
1584,ticket,dixj
1585,software,cflu
1586,disappear,isapj
1587,corporate,xodpa
1588,strange,spj
1589,lip,jlip
1590,reading,rdwn
1591,urban,erakw
1592,mental,mktl
1593,increasingly,fxcil
1594,lunch,lucp
1595,educational,jcasp
1596,somewhere,soaur
1597,farmer,fames
1598,above,aov
1599,sugar,suir
1600,planet,pdku
1601,favorite,afdhx
1602,explore,ekspo
1603,obtain,adrsy
1604,enemy,earmk
1605,greatest,aicj
1606,complex,kmlxc
1607,surround,soupd
1608,athlete,afiu
1609,invite,dnf
1610,repeat,rdpiw
1611,carefully,xfalj
1612,soul,sql
1613,scientific,cfxlk
1614,impossible,fmacl
1615,panel,pgul
1616,meaning,mekw
1617,mom,fam
1618,married,arieu
1619,alone,aewp
1620,instrument,ejskp
1621,predict,pdijl
1622,weather,uit
1623,presidential,pzsl
1624,emotional,kmrwl
1625,commitment,xadfm
1626,Supreme,sopu
1627,bear,uerw
1628,pocket,pklt
1629,thin,fjk
1630,temperature,opci
1631,surprise,sfpiz
1632,poll,jpewl
1633,proposal,prawl
1634,consequence,kclxu
1635,half,waulf
1636,breath,hrq
1637,sight,syqd
1638,cover,kufel
1639,balance,lipuc
1640,adopt,aefp
1641,minority,maekw
1642,straight,sqry
1643,attempt,aemw
1644,connect,capx
1645,works,urks
1646,teaching,cfn
1647,belong,eoq
1648,aid,aidvx
1649,advice,adfys
1650,okay,fwka
1651,photograph,flpqu
1652,empty,ejpi
1653,regional,rjapl
1654,trail,eqrul
1655,novel,kvl
1656,code,lkjwd
1657,somehow,euow
1658,organize,oakx
1659,jury,joi
1660,breast,drlsq
1661,Iraqi,iralu
1662,human,jkw
1663,acknowledge,axlpj
1664,theme,afem
1665,storm,sdfm
1666,union,jkp
1667,record,lqird
1668,desk,dmslk
1669,fear,lfiu
1670,thanks,falus
1671,fruit,drpu
1672,under,uker
1673,expensive,kcpsf
1674,yellow,jelfw
1675,conclusion,kxlz
1676,prime,prij
1677,shadow,sauo
1678,struggle,sdqul
1679,conclude,akoud
1680,analyst,dpisu
1681,dance,puc
1682,limit,ldmv
1683,like,livx
1684,regulation,joasp
1685,being,eqn
1686,last,ldusz
1687,ring,rwn
1688,largely,aejlw
1689,shift,silfj
1690,revenue,efako
1691,mark,marls
1692,locate,doxa
1693,county,kdux
1694,appearance,apkvs
1695,package,axj
1696,difficulty,dfxo
1697,bridge,wrije
1698,recommend,jpxad
1699,obvious,avis
1700,train,daipj
1701,basically,acixl
1702,e-mail,emalw
1703,generate,jeiap
1704,anymore,eipor
1705,propose,apose
1706,thinking,fnx
1707,possibly,paslv
1708,trend,krqd
1709,visitor,fiz
1710,loan,ljkw
1711,currently,xadlv
1712,comfortable,xodfa
1713,investor,dpvs
1714,but,doq
1715,profit,pafil
1716,angry,asuri
1717,crew,krou
1718,deep,dipu
1719,accident,akcux
1720,male,malv
1721,meal,melq
1722,hearing,irjw
1723,traffic,aufdx
1724,muscle,mqsel
1725,notion,kosp
1726,capture,apclu
1727,prefer,pfjl
1728,truly,druli
1729,earth,ehq
1730,Japanese,jkpz
1731,chest,chfs
1732,search,sach
1733,thick,fix
1734,cash,caus
1735,museum,josi
1736,beauty,jori
1737,emergency,fjaks
1738,unique,jkx
1739,feature,facil
1740,internal,dkpzl
1741,ethnic,fkx
1742,link,lqk
1743,stress,jqres
1744,content,xdpz
1745,select,selkq
1746,root,rouwd
1747,nose,koz
1748,declare,eklqr
1749,outside,ouci
1750,appreciate,presq
1751,actual,akco
1752,bottle,jtl
1753,hardly,arelw
1754,setting,seran
1755,launch,lkvcz
1756,dress,qrs
1757,file,filz
1758,sick,svlk
1759,outcome,dwklm
1761,defend,dfklq
1762,matter,qriu
1763,judge,jeok
1764,duty,doui
1765,sheet,shdv
1766,ought,awej
1767,ensure,epsor
1768,Catholic,kfux
1769,extremely,xcml
1770,extent,jkslp
1771,component,kdpox
1772,mix,mlkc
1773,long-term,ldqrm
1774,slow,svo
1775,contrast,xadpu
1776,zone,xop
1777,wake,foaix
1778,challenge,calpj
1779,airport,dkpor
1780,chief,cjilf
1781,brown,prw
1782,standard,saipu
1783,shirt,shdrq
1784,pilot,pelaf
1785,warn,work
1786,ultimately,oadwi
1787,cat,kaeu
1788,contribution,cajos
1789,capacity,casui
1790,ourselves,sfz
1791,estate,esaiu
1792,guide,fxyd
1793,circumstance,ckmx
1794,snow,cpo
1795,English,iqs
1796,politician,pklqs
1797,steal,svdil
1798,pursue,piso
1799,slip,sljp
1800,percentage,pckj
1801,meat,mdv
1802,funny,fupli
1803,neither,iptu
1804,soil,seful
1805,influence,efoas
1806,surgery,sefji
1807,correct,dfhx
1808,Jewish,jeois
1809,blame,blm
1810,estimate,qsm
1811,due,doux
1812,basketball,adxou
1813,late,laief
1814,golf,xalf
1815,investigate,kvca
1816,crazy,kasej
1817,significantly,dfpx
1818,chain,can
1819,address,adfjs
1820,branch,akfcu
1821,combination,klmb
1822,just,josfd
1823,frequently,fdkwa
1824,governor,kufe
1825,relief,uelif
1826,user,josr
1827,dad,dauw
1828,kick,lkjx
1829,part,jparo
1830,manner,apiu
1831,ancient,acfkp
1832,silence,cyas
1833,rating,arwn
1834,golden,arkw
1835,motion,makw
1836,German,jpraw
1837,gender,jdkx
1838,solve,salv
1839,fee,lfeq
1840,landscape,lacxp
1841,used,jxd
1842,bowl,eql
1843,equal,ixul
1844,long,gop
1845,official,afhs
1846,forth,opt
1847,frame,flzm
1848,typical,dfpxl
1849,except,ejslp
1850,conservative,xanv
1851,eliminate,dlkmv
1852,host,doqw
1853,hall,harw
1854,trust,drusq
1855,ocean,osap
1856,score,skof
1857,row,prew
1858,producer,paosu
1859,afford,afoe
1860,meanwhile,mfkwl
1861,regime,rasy
1862,division,dfkz
1863,confirm,kafx
1864,fix,flcs
1865,appeal,ajpwl
1866,mirror,mrew
1867,tooth,jdof
1868,smart,smadv
1869,length,lzf
1870,entirely,dpqrl
1871,rely,reliw
1872,topic,dapix
1873,complain,kmlx
1874,issue,isou
1875,variable,viajl
1876,back,buk
1877,range,rapj
1878,telephone,fpw
1879,perception,cpsav
1880,attract,adijx
1881,confidence,kfdpx
1882,bedroom,drouk
1883,secret,sekrq
1884,debt,dvx
1885,rare,jepr
1886,his,hase
1887,tank,daufk
1888,nurse,kjers
1889,coverage,klvj
1890,opposition,hzs
1891,aside,asey
1892,anywhere,ejkwr
1893,bond,akvd
1894,file,filz
1895,pleasure,pljsr
1896,master,aciu
1897,era,iejar
1898,requirement,dpxu
1899,check,chx
1900,stand,sane
1901,fun,gul
1902,expectation,dkjpx
1903,wing,oig
1904,separate,spav
1905,now,gou
1906,clear,klqr
1907,struggle,sdqul
1908,mean,mfk
1909,somewhat,sdouz
1910,pour,jpor
1911,stir,sqer
1912,judgment,dojap
1913,clean,klepj
1914,except,ejslp
1915,beer,qir
1916,English,iqs
1917,reference,flpc
1918,tear,tij
1919,doubt,aoue
1920,grant,akuvd
1921,seriously,cislv
1922,account,akop
1923,minister,mfkse
1924,totally,djwli
1925,hero,iewo
1926,industrial,ipusr
1927,cloud,xlfud
1928,stretch,sdfzh
1929,winner,wiep
1930,volume,faljk
1931,travel,duvl
1932,seed,qsid
1933,surprised,sipz
1934,rest,rjskd
1935,fashion,fesku
1936,pepper,pewir
1937,separate,spav
1938,busy,efsy
1939,intervention,kpva
1940,copy,vxapi
1941,tip,eqip
1942,below,bjl
1943,cheap,cjip
1944,aim,eqm
1945,cite,syvd
1946,welfare,ulpr
1947,vegetable,vjia
1948,gray,orai
1949,dish,dfsh
1950,beach,icv
1951,improvement,dpofa
1952,everywhere,efiwj
1953,opening,ewpak
1954,overall,fiuw
1955,divide,djvi
1956,initial,ipvsl
1957,terrible,djrql
1958,oppose,arpos
1959,contemporary,kafmx
1960,route,rowjd
1961,multiple,euipl
1962,essential,ckvsl
1963,question,culsi
1964,league,jligp
1965,criminal,kmvxl
1966,careful,xjfl
1967,core,jkor
1968,upper,uper
1969,rush,vus
1970,necessarily,cpslv
1971,specifically,pafx
1972,tired,oaird
1973,rise,orise
1974,tie,qdy
1975,employ,epou
1976,holiday,adwy
1977,dance,puc
1978,vast,fasu
1979,resolution,kuzls
1980,household,quwld
1981,fewer,fjoi
1982,abortion,orsip
1983,apart,dpqru
1984,witness,udkzs
1985,match,macf
1986,barely,uerli
1987,sector,selqr
1988,representative,djpzv
1989,lack,jlax
1990,beneath,ejkf
1991,beside,zsyd
1992,black,flaux
1993,incident,kpqsd
1994,limited,lmrwd
1995,proud,prowd
1996,flow,flemw
1997,faculty,faxdi
1998,increased,klcv
1999,waste,oasvd
2000,merely,mrlw
2001,mass,fmas
2002,emphasize,mfacs
2003,experiment,kcmax
2004,definitely,dfplq
2005,bomb,cafmx
2006,enormous,opac
2007,tone,dfkw
2008,liberal,iejoq
2009,massive,ausif
2010,engineer,jkpr
2011,wheel,uilw
2012,female,fwmal
2013,decline,dpxlz
2014,invest,dfjsk
2015,promise,prjis
2016,cable,xaifl
2017,towards,aword
2018,expose,ksplz
2019,rural,qrl
2020,AIDS,aijs
2021,Jew,ajeo
2022,narrow,akuw
2023,cream,lkrsm
2024,secretary,doxai
2025,gate,faijd
2026,solid,sqlid
2027,hill,wril
2028,typically,dpvxl
2029,noise,euoks
2030,grass,efaus
2031,unfortunately,focak
2032,hat,auew
2033,legislation,jclip
2034,succeed,axcy
2035,either,idorw
2036,celebrate,cliav
2037,achievement,acfmk
2038,fishing,flsz
2039,drink,dnx
2040,accuse,akjos
2041,hand,aukwd
2042,useful,iusfl
2043,land,lapeu
2044,secret,sekrq
2045,reject,jlkt
2046,talent,dlpru
2047,taste,aicv
2048,characteristic,cfksu
2049,milk,mslc
2050,escape,cxjp
2051,cast,kdusq
2052,sentence,cakvs
2053,unusual,jkzl
2054,closely,xoci
2055,convince,kafxc
2056,height,fywd
2057,physician,fkzls
2058,assess,acvs
2059,sleep,fslep
2060,plenty,pldkq
2061,ride,ryew
2062,virtually,fculi
2063,first,fdlsz
2064,addition,aipuv
2065,sharp,jsarp
2066,creative,xav
2067,lower,lewia
2068,behind,lipwd
2069,approve,apof
2070,explanation,fxcpl
2071,outside,ouci
2072,gay,vai
2073,campus,capus
2074,proper,pawir
2075,live,jliv
2076,guilty,eilq
2077,living,lcvi
2078,acquire,axoi
2079,compete,xadpf
2080,technical,cpixl
2081,plus,pus
2082,mind,mkwd
2083,potential,pqrsl
2084,immigrant,dmkrw
2085,weak,oix
2086,illegal,ijeql
2088,alternative,apwf
2089,interaction,akpux
2090,column,kalxm
2091,personality,pkltu
2092,signal,sjpql
2093,curriculum,cxjla
2094,list,ldsz
2095,honor,apoer
2096,passenger,pacij
2097,assistance,acfns
2098,forever,ejfip
2099,fun,gul
2100,regard,equrw
2101,Israeli,izjlp
2102,association,awy
2103,twenty,opti
2104,knock,nax
2105,review,efiou
2106,wrap,raup
2107,lab,lauw
2108,offer,ofis
2109,display,isplq
2110,criticism,klszm
2111,asset,asuvd
2112,depression,kprqs
2113,spiritual,spcou
2114,musical,ejosk
2115,journalist,jlcp
2116,prayer,pqer
2117,suspect,cupx
2118,scholar,scalv
2119,warning,worp
2120,climate,xldmf
2121,cheese,ciz
2122,observation,kzfs
2123,childhood,eiluw
2124,payment,amdkv
2125,sir,sjr
2126,permit,peqiw
2127,cigarette,sdijv
2128,definition,dfjps
2129,priority,paewi
2130,bread,jrwd
2131,creation,klpsv
2132,graduate,raou
2133,request,rkoqs
2134,emotion,kmarw
2135,scream,cxm
2136,dramatic,auix
2137,universe,jofks
2138,gap,gup
2139,excellent,dklxz
2140,deeply,diplv
2141,prosecutor,pskjo
2142,mark,marls
2143,green,kreq
2144,lucky,luci
2145,drag,drauk
2146,airline,elipw
2147,library,ljerq
2148,agenda,ajkdw
2149,recover,kuvl
2150,factory,fakeu
2151,selection,cjlkx
2152,primarily,perlu
2153,roof,rpu
2154,unable,uaipl
2155,expense,jkcps
2156,initiative,dkqsf
2157,diet,daisv
2158,arrest,idjqs
2159,funding,fuelp
2160,therapy,feapj
2161,wash,foas
2162,schedule,ckjo
2163,sad,cau
2164,brief,lreq
2165,housing,uiw
2166,post,posej
2167,purchase,chzs
2168,existing,dzsn
2169,dark,dlzk
2170,steel,szil
2171,regarding,advn
2172,shout,soufd
2173,remaining,kmav
2174,visual,vsul
2175,fairly,perlw
2176,chip,cfip
2177,violent,valp
2178,silent,sanfd
2179,suppose,capos
2180,self,sqlf
2181,bike,bjlk
2182,tea,zdy
2183,perceive,psv
2184,comparison,kpcu
2185,settlement,sdkmz
2186,layer,jlair
2187,planning,plgku
2188,far,har
2189,description,ckfpx
2190,later,lariw
2191,slow,svo
2192,slide,slvdz
2193,widely,uidlw
2194,wedding,wdfn
2195,inform,ifop
2196,portion,porak
2197,territory,eioru
2198,immediate,vyda
2199,opponent,apkrw
2200,abandon,akpru
2201,link,lqk
2202,mass,fmas
2203,lake,jlac
2204,transform,apsfo
2205,tension,dkpsz
2206,display,isplq
2207,leading,lidjv
2208,bother,jadiw
2209,consist,xacip
2210,alcohol,aeuwl
2211,enable,ipavl
2212,bend,pvd
2213,saving,safn
2214,gain,aipc
2215,desert,djzi
2216,shall,saulv
2217,error,erisu
2218,release,zlic
2219,cop,xap
2220,Arab,auriw
2221,double,dfuql
2222,walk,uawlk
2223,sand,sakfu
2224,Spanish,cpaku
2225,rule,rous
2226,hit,jiwd
2227,print,prdkq
2228,preserve,pxf
2229,passage,pacj
2230,formal,fwml
2231,transition,cispu
2232,existence,kzcs
2233,album,lbiu
2234,participation,acsvy
2235,arrange,akvj
2236,atmosphere,acfiu
2237,joint,jodp
2238,reply,rjpli
2239,cycle,jsicl
2240,opposite,apdxv
2241,lock,fach
2242,whole,hewq
2243,deserve,dzv
2244,consistent,clpsz
2245,resistance,cksv
2246,discovery,scof
2247,tear,tij
2248,exposure,ksoz
2249,pose,poz
2250,stream,sdrqm
2251,sale,jsail
2252,trust,drusq
2253,benefit,dfkq
2254,pot,pavd
2255,grand,erapu
2256,mine,mkx
2257,hello,arwo
2258,coalition,xoaip
2259,tale,ejail
2260,knife,klqf
2261,resolve,zlv
2262,racial,ruisl
2263,phase,jlfas
2264,present,pkz
2265,joke,jfwk
2266,coat,kdwj
2267,Mexican,kclxp
2268,symptom,sipav
2269,contact,kdpux
2270,manufacturer,jfklx
2271,philosophy,acfy
2272,potato,paro
2273,interview,dkvj
2274,foundation,fkwdp
2275,quote,koewj
2276,online,klpq
2277,pass,peus
2278,negotiation,gokp
2279,good,zod
2280,urge,eqrj
2281,occasion,kxz
2282,dust,dusv
2283,breathe,qrsyd
2284,elect,dlvx
2285,investigator,nvca
2286,jacket,jaxi
2287,glad,vlaud
2288,ordinary,odfpi
2289,reduction,oxap
2290,rarely,qsrli
2291,shift,silfj
2292,pack,pux
2293,suicide,cisu
2294,numerous,oiuas
2295,touch,fuc
2296,substance,coips
2297,discipline,ckplz
2298,elsewhere,lsuqr
2299,iron,aerpj
2300,practical,pkux
2301,moreover,ofiw
2302,passion,pksru
2303,volunteer,vijp
2304,implement,dklmz
2305,essentially,cpvli
2306,gene,jip
2307,enforcement,foksp
2309,sauce,cafus
2310,independence,nqrs
2311,marketing,mklrq
2312,priest,pdisq
2313,amazing,aefsn
2314,intense,kepqs
2315,advance,dvkus
2316,employer,epour
2317,shock,fhax
2318,inspire,acpjk
2319,adjust,ajeos
2320,retire,djaiv
2321,sure,asor
2322,visible,vix
2323,kiss,kqs
2324,illness,lprus
2325,cap,xaup
2326,habit,audiw
2327,competitive,xdpv
2328,juice,fjeos
2329,congressional,xipzl
2330,involvement,kvm
2331,dominate,dkmv
2332,previously,pvcl
2333,whenever,okv
2334,transfer,clfpu
2335,analyze,kluz
2336,another,apuir
2337,attach,afcu
2338,for,flq
2339,Indian,dkpq
2340,disaster,duzs
2341,parking,parkj
2342,prospect,cpjkl
2343,boss,qos
2344,complaint,kjplx
2345,championship,cfpsu
2346,coach,kewfl
2347,exercise,clsz
2348,fundamental,fudkp
2349,severe,sefiq
2350,enhance,eakuw
2351,mystery,mdsz
2352,impose,ioz
2353,poverty,pavi
2354,other,udirw
2355,entry,dopri
2356,fat,fauel
2357,spending,spkv
2358,king,klpg
2359,evaluate,dfajo
2360,symbol,smql
2361,still,seiq
2362,trade,eiraw
2363,maker,maklw
2364,mood,qoud
2365,accomplish,kmlqs
2366,emphasis,mfcs
2367,illustrate,jlqsr
2368,boot,douv
2369,monitor,mkqew
2370,Asian,pzi
2371,entertainment,dfkpq
2372,bean,bipl
2373,evaluation,fajos
2374,creature,xcfi
2375,commander,capiu
2376,digital,djzl
2377,arrangement,ajkpw
2378,concentrate,kacvx
2379,total,dpwrl
2380,usual,uzl
2381,anger,auwer
2382,psychological,fkjx
2383,heavily,fwy
2384,peak,pelkw
2385,approximately,csmlz
2386,increasing,cisv
2387,disorder,disoq
2388,missile,mfcl
2389,equally,dxuli
2390,vary,feay
2391,wire,whaer
2392,round,fowpd
2393,distribution,cjosp
2394,transportation,kporu
2395,holy,jewli
2396,ring,rwn
2397,twin,tuk
2398,command,kpuvd
2399,commission,cfmks
2400,interpretation,jkpqs
2401,breakfast,cfasj
2402,stop,svdap
2403,strongly,sdozi
2404,engineering,gjkp
2405,luck,flux
2406,so-called,eokaw
2407,constant,kafpx
2408,race,jaise
2409,clinic,clpx
2410,veteran,fipq
2411,smell,smzl
2412,tablespoon,acpok
2413,capable,xapfl
2414,nervous,pfac
2415,tourist,doisv
2416,light,jlxzd
2417,toss,adjos
2418,crucial,krosu
2419,bury,qery
2420,pray,jprai
2421,tomato,adryw
2422,exception,kcpsv
2423,butter,oriw
2424,deficit,dfqs
2425,bathroom,afiou
2426,objective,adjxf
2427,block,vlac
2428,electronic,dkpzx
2429,ally,afuli
2430,journey,jerkp
2431,reputation,dkpjo
2432,mixture,mcsfl
2433,surely,sqrl
2434,tower,douir
2435,smoke,smfk
2436,confront,kdfox
2437,pure,pjo
2438,glance,lpuvs
2439,dimension,dkmqs
2440,toy,toi
2441,prisoner,pjkxa
2442,fellow,flqw
2443,smooth,sqoud
2444,nearby,ipbu
2445,peer,pqr
2446,designer,djzk
2447,personnel,pcakv
2448,shape,fsaip
2449,educator,ejoka
2450,relative,auiv
2451,immigration,kmsv
2452,belt,dlq
2453,teaspoon,dkpou
2454,birthday,fdqy
2455,implication,mlcsv
2456,perfectly,pfxi
2457,coast,kosjd
2458,supporter,sjpor
2459,accompany,akopx
2460,silver,clv
2461,teenager,tjp
2462,recognition,kapvx
2463,retirement,kqrm
2464,flag,flaiw
2465,recovery,xuf
2466,whisper,usper
2467,watch,oacf
2468,gentleman,jfklp
2469,corn,korp
2470,moon,aoku
2471,inner,ipuer
2472,junior,joker
2473,rather,audio
2474,throat,fdpw
2475,salary,calij
2476,swing,seoiq
2477,observer,izv
2478,due,doux
2479,straight,sqry
2480,publication,pobk
2481,pretty,pirq
2482,crop,lkwap
2483,dig,eiq
2484,strike,sqrk
2485,permanent,dkmq
2486,plant,pleku
2487,phenomenon,fakpw
2488,anxiety,uzi
2489,unlike,uflpk
2490,wet,whdq
2491,literally,iqrlw
2492,resist,dfzs
2493,convention,kfpx
2494,embrace,mvas
2495,supply,seplq
2496,assist,acisf
2497,exhibition,kcpsz
2498,construct,kacox
2499,viewer,vji
2500,pan,pakf
2501,consultant,kopx
2502,soon,coku
2503,line,lipv
2504,administrator,fkmc
2505,date,dafiw
2506,occasionally,pxzl
2507,mayor,maerw
2508,consideration,kcopx
2509,CEO,fseio
2510,secure,skjov
2511,pink,pgk
2512,smoke,smfk
2513,estimate,qsm
2514,buck,wulk
2515,historic,lurwk
2516,poem,pewj
2517,grandmother,aopur
2518,bind,ipqd
2519,fifth,filjp
2520,constantly,kcjpx
2521,enterprise,dfkpz
2522,favor,faoep
2523,testing,dsvn
2524,stomach,coax
2525,apparent,epkru
2526,weigh,joai
2527,install,dnaw
2528,sensitive,ckv
2529,suggestion,jksv
2530,mail,mvl
2531,recipe,jspi
2532,reasonable,fizpl
2533,preparation,ejkqs
2534,wooden,wodap
2535,elementary,jlipt
2536,concert,kacjx
2537,aggressive,aosiv
2538,false,fqlse
2539,intention,ekpq
2540,channel,aupxl
2541,extreme,dlsvm
2542,tube,douz
2543,drawing,awen
2544,protein,prkw
2545,quit,xoid
2546,absence,cpus
2547,roll,rjwl
2548,Latin,adipu
2549,rapidly,rpilu
2550,jail,jalv
2551,comment,kdmfx
2552,diversity,dfszy
2553,honest,andsv
2554,Palestinian,pcfku
2555,pace,fpase
2556,employment,kpoau
2557,speaker,cpfkl
2558,impression,kmqs
2559,essay,ocai
2560,respondent,kqsp
2561,giant,jdpqr
2562,cake,jlkax
2563,historian,dksoz
2564,negotiate,kosav
2565,restore,djsov
2566,substantial,dpsuz
2567,pop,fajp
2568,particular,pxjl
2569,specialist,cpliz
2570,origin,aejkw
2571,approval,apofu
2572,mine,mkx
2573,quietly,xuail
2574,advise,advys
2575,conventional,kpvx
2576,drop,ewrap
2577,count,koudx
2578,depth,djpf
2579,wealth,qwelf
2580,disability,isjlq
2581,shell,sheq
2582,general,jkqrl
2583,criticize,kjlsz
2584,fast,faucl
2585,professional,pfksz
2586,effectively,pxvl
2587,biological,ajvxl
2588,pack,pux
2589,onion,uekp
2590,deputy,dpjoi
2591,flat,lput
2592,brand,aupfd
2593,assure,asov
2594,mad,madv
2595,award,awofd
2596,criteria,xdyfa
2597,dealer,diljq
2598,via,faij
2599,alternative,apwf
2600,utility,ioru
2601,precisely,pcisz
2602,arise,iqrs
2603,armed,armw
2604,nevertheless,jkvlc
2605,highway,uiwa
2606,clinical,kfpxl
2607,routine,doipu
2608,schedule,ckjo
2609,wage,waij
2610,normally,kmlq
2611,phrase,fjase
2612,ingredient,difpz
2613,stake,sdafh
2614,Muslim,uzli
2615,dream,drqm
2616,fiber,fileq
2617,activist,akuvs
2618,Islamic,clamx
2619,snap,sekup
2620,terrorism,dfzm
2621,refugee,efioj
2622,incorporate,dfxop
2623,hip,wfip
2624,ultimate,uldiz
2625,switch,soicv
2626,corporation,coksz
2627,valuable,faejo
2628,assumption,acofs
2629,gear,giu
2630,graduate,raou
2631,barrier,afieu
2632,minor,mkwer
2633,provision,pfkz
2634,killer,xilz
2635,assign,acipf
2636,gang,fan
2637,developing,dfaxn
2638,classic,kcux
2639,chemical,cfmxl
2640,wave,haf
2641,label,lpibu
2642,teen,dipz
2643,index,ipxc
2644,vacation,vakx
2645,advocate,uvx
2646,draft,aufew
2647,extraordinary,kodpz
2648,heaven,efakw
2649,rough,qulf
2650,yell,jelq
2651,pregnant,prekq
2652,distant,eispq
2653,drama,eqrm
2654,satellite,silqu
2655,personally,pclz
2656,wonder,wudr
2657,clock,chax
2658,chocolate,caxlv
2659,Italian,dkluz
2660,Canadian,kdpvx
2661,ceiling,seqn
2662,sweep,seoip
2663,advertising,dfuz
2664,universal,jfps
2665,spin,sepfk
2666,house,fouwe
2667,button,blup
2668,bell,kelq
2669,rank,auvlk
2670,darkness,dfpxi
2671,ahead,awhfd
2672,clothing,xfodi
2673,super,spur
2674,yield,jqd
2675,fence,fjkls
2676,portrait,podix
2677,paint,pafek
2678,survival,sivzl
2679,roughly,wufli
2680,lawsuit,adouw
2681,bottom,bkm
2682,testimony,ckmav
2683,bunch,fock
2684,beat,bio
2685,wind,uiep
2686,found,fowkd
2687,burden,wrdan
2688,react,diaux
2689,chamber,camv
2690,furniture,fcjk
2691,cooperation,coasv
2692,string,sdrqn
2693,ceremony,sekmq
2694,communicate,cajox
2695,taste,aicv
2696,cheek,cyx
2697,lost,ljsvd
2698,profile,pjfwl
2699,mechanism,klzm
2700,disagree,cavy
2701,like,livx
2702,penalty,peklq
2703,match,macf
2705,advance,dvkus
2706,resort,djxo
2707,destruction,coxip
2708,bear,uerw
2709,unlikely,uixp
2710,tissue,eiou
2711,constitutional,kopux
2712,pant,pakeu
2713,stranger,sdjkz
2714,infection,cfjks
2715,cabinet,kpru
2716,broken,lrkpw
2717,apple,auplw
2718,electric,dkzx
2719,proceed,pacio
2720,track,dlvuk
2721,bet,dhv
2722,literary,lijqr
2723,virus,fyas
2724,stupid,sepiu
2725,dispute,spjo
2726,fortune,fcku
2727,strategic,sjqlk
2728,assistant,csnz
2729,overcome,fkwm
2730,remarkable,mxzl
2731,occupy,akjop
2732,statistics,acixv
2733,shopping,savn
2734,cousin,klzp
2735,encounter,owpir
2736,wipe,jwip
2737,initially,jpslv
2738,blind,lipqd
2739,white,uixd
2740,port,podf
2741,honor,apoer
2742,electricity,lxcz
2743,genetic,jlptk
2744,adviser,advjs
2745,pay,paiw
2746,spokesman,ckox
2747,retain,eaipo
2748,latter,laruw
2749,incentive,jkpsf
2750,slave,sjaf
2751,chemical,cfmxl
2752,translate,dpsuv
2753,accurate,axjod
2754,whereas,oaux
2755,terror,oeriw
2756,though,hqw
2757,expansion,kcpux
2758,elite,ilut
2759,Olympic,alpvx
2760,dirt,dlrq
2761,odd,adjo
2762,rice,aryse
2763,bullet,duliv
2764,tight,qdiw
2765,Bible,bijlp
2766,chart,dharw
2767,solar,sojir
2768,decline,dpxlz
2769,conservative,xanv
2770,process,pcvs
2771,square,skueq
2772,stick,sjic
2773,concentration,xacnv
2774,complicated,kmvxd
2775,gently,jdklq
2776,champion,afpku
2777,scenario,apuo
2778,telescope,tkop
2779,reflection,fhx
2780,revolution,fakou
2781,strip,sdfqp
2782,interpret,jkpt
2783,friendly,fpdlz
2784,tournament,foakp
2785,fiction,flxp
2786,detect,dklvx
2787,balance,lipuc
2788,likely,lxz
2789,tremendous,kmzs
2790,lifetime,ldfzm
2791,recommendation,cmsz
2792,flow,flemw
2793,senator,sipqr
2794,market,mdklq
2795,hunting,dopiw
2796,salad,caliu
2797,guarantee,dkuvz
2798,innocent,cfkp
2799,boundary,jowdk
2800,pause,pawje
2801,remote,rdmqw
2802,satisfaction,cfkux
2803,journal,jkrwl
2804,bench,fcp
2805,lover,uvi
2806,raw,jraw
2807,awareness,aojkc
2808,surprising,sijpz
2809,withdraw,ofaw
2810,general,jkqrl
2811,deck,dflkz
2812,similarly,cmlv
2813,newly,oupi
2814,pole,pjwl
2815,testify,lqsfi
2816,mode,mfwd
2817,dialogue,aieou
2818,imply,plv
2819,naturally,aepuw
2820,mutual,jcxl
2821,founder,fowk
2822,top,fdapw
2823,advanced,kuvs
2824,pride,prqd
2825,dismiss,cmvs
2826,aircraft,djxf
2827,delivery,divz
2828,mainly,meklq
2829,bake,faix
2830,freeze,fyx
2831,platform,pdfou
2832,finance,fkpu
2833,sink,sfnc
2834,attractive,duxv
2835,respect,cpxz
2836,diverse,djvs
2837,relevant,djlpv
2838,ideal,yqew
2839,joy,jeoi
2840,worth,wheaf
2841,regularly,jlqr
2842,working,ulrkq
2843,singer,sqner
2844,evolve,ieaof
2845,shooting,goiu
2846,partly,pdzli
2847,unknown,ukpw
2848,assistant,csnz
2849,offense,fjpls
2850,counter,kowfp
2851,DNA,dipva
2852,smell,smzl
2853,potentially,pdjkz
2854,transfer,clfpu
2855,thirty,feqi
2856,justify,josfi
2857,protest,proqs
2858,crash,klqus
2859,craft,xdfu
2860,treaty,qry
2861,terrorist,dvsz
2862,insight,djskv
2863,possess,pzc
2864,politically,pivx
2865,tap,eup
2866,lie,liq
2867,extensive,kcxf
2868,episode,pzsod
2869,double,dfuql
2870,swim,suif
2871,tire,eoair
2872,fault,dplq
2873,loose,lquse
2874,free,lqri
2875,shortly,sorqi
2876,originally,pqrjl
2877,considerable,xcpvl
2878,prior,pjiew
2879,intellectual,kuxoz
2880,mix,mlkc
2881,assault,acov
2882,relax,lauxc
2883,stair,sjdqr
2884,adventure,afcjp
2885,external,jxcpl
2886,proof,prou
2887,confident,kfdjx
2888,headquarters,dkuoz
2889,sudden,coipj
2890,dirty,jeori
2891,violation,flpsz
2892,tongue,dqn
2893,license,fycas
2894,hold,qwld
2895,shelter,dhqr
2896,rub,job
2897,controversy,xpv
2898,entrance,kpvc
2899,favorite,afdhx
2900,practice,pauxc
2901,properly,pqrl
2902,fade,lfzid
2903,defensive,dkszv
2904,tragedy,aeiuw
2905,net,jkt
2906,characterize,kuxz
2907,funeral,fjp
2908,profession,pfksq
2909,alter,odqir
2910,spot,sepj
2911,constitute,xacou
2912,establishment,cpsuz
2913,squeeze,sluz
2914,imagination,jekpq
2915,target,arjiw
2916,mask,macx
2917,convert,kdvx
2918,comprehensive,kmcxv
2919,prominent,dfkmw
2920,presentation,pdkzv
2921,regardless,vzlic
2922,easy,eqsy
2923,load,aljwd
2924,stable,sdjql
2925,introduction,dokxz
2926,appeal,ajpwl
2927,pretend,preko
2928,not,nafd
2929,elderly,diqlu
2930,representation,jpzs
2931,deer,dijqr
2932,split,spliz
2933,violate,vay
2934,partnership,jkrwp
2935,pollution,posru
2936,emission,kmqsr
2937,steady,sfzdi
2938,vital,vizl
2939,neither,iptu
2940,fate,faiod
2941,earnings,jipx
2942,oven,ofek
2943,distinction,cfnxa
2944,segment,skmav
2945,nowhere,kuwr
2946,poet,pdwif
2947,mere,mqr
2948,exciting,csvn
2949,variation,fekqs
2950,comfort,xlmf
2951,radical,udvxl
2952,stress,jqres
2953,adapt,adopu
2954,Irish,hrqs
2955,honey,opwi
2956,correspondent,kjopx
2957,pale,pailw
2958,musician,jkzs
2959,significance,fjxap
2960,load,aljwd
2961,round,fowpd
2962,vessel,vjsl
2963,storage,coij
2964,flee,pqle
2965,mm-hmm,efmaw
2966,leather,lqdwr
2967,distribute,qsrjo
2968,evolution,faosu
2969,ill,ilqs
2970,tribe,qdriu
2971,shelf,seqf
2972,can,kaux
2973,grandfather,afkuw
2974,lawn,awn
2975,buyer,jieqr
2976,dining,dnz
2977,wisdom,oizd
2978,council,couks
2979,vulnerable,fuep
2980,instance,cvans
2981,garlic,avlix
2982,capability,kjpbl
2983,poetry,pdjrw
2984,celebrity,ciljz
2985,gradually,rajow
2986,stability,siluz
2987,doubt,aoue
2988,fantasy,fpsu
2989,scared,sjlzd
2990,guide,fxyd
2991,plot,pldv
2992,framework,faioc
2993,gesture,jfsc
2994,depending,djpkv
2995,ongoing,aeoiw
2996,psychology,scljv
2997,since,cipjs
2998,counselor,kowap
2999,witness,udkzs
3000,chapter,dfpiu
3001,fellow,flqw
3002,divorce,foqs
3003,owe,ekpw
3004,pipe,piq
3005,athletic,afuix
3006,slight,clz
3007,math,mafw
3008,shade,shav
3009,tail,tjil
3010,sustain,cispv
3011,mount,eowp
3012,obligation,lpsvz
3013,angle,qul
3014,palm,vam
3015,differ,djflx
3016,custom,xuci
3017,store,dqor
3018,economist,ckmsv
3019,fifteen,fjkp
3020,soup,seoup
3021,celebration,cjpsz
3022,efficient,dfqsn
3023,damage,dauiv
3024,composition,ckmzs
3025,satisfy,csfu
3026,pile,jpilv
3027,briefly,prelq
3028,carbon,xafip
3029,closer,cjosi
3030,consume,kacou
3031,scheme,slkvm
3032,crack,kflux
3033,frequency,fckos
3034,tobacco,aruko
3035,survivor,cvy
3036,besides,jsiz
3038,psychologist,cxljz
3039,wealthy,wqlfi
3040,galaxy,luxci
3041,given,van
3042,fund,fupd
3043,ski,mslke
3044,limitation,lfmqs
3046,trace,joaic
3047,appointment,gpoku
3048,preference,fklzc
3049,meter,melwr
3050,explosion,kclxz
3051,arrest,idjqs
3052,publicly,pubk
3053,incredible,nxdz
3054,fighter,fijlq
3055,rapid,apieu
3056,admission,fkmqs
3057,hunter,kuew
3058,educate,joxa
3059,painful,pajfk
3060,friendship,fekqp
3061,aide,aidjo
3062,infant,dfjkp
3063,calculate,kdxjo
3064,fifty,ejflp
3065,rid,jridw
3066,porch,pocs
3067,tendency,kpcz
3068,uniform,jfop
3069,formation,foajk
3070,scholarship,cxlzp
3071,reservation,kzvs
3072,efficiency,fiscj
3073,waste,oasvd
3074,qualify,kwoef
3075,mall,vaul
3076,derive,doiv
3077,scandal,cxpul
3079,helpful,ejpfw
3080,impress,ifpjs
3081,heel,wqil
3082,resemble,vxml
3083,privacy,pvc
3084,fabric,fluix
3085,surprise,sfpiz
3086,contest,xajcp
3087,proportion,kpoqs
3088,guideline,dlupz
3089,rifle,ripwl
3090,maintenance,jkpvc
3091,conviction,cfhx
3092,trick,djzlk
3093,organic,oakux
3094,tent,dnv
3095,examination,puzs
3096,publisher,pulsz
3097,strengthen,sfpq
3098,French,fjkcl
3099,proposed,pozd
3100,myth,mxf
3101,sophisticated,cfixz
3102,cow,lkpw
3103,etc,dsuri
3104,standing,sfpiu
3105,asleep,aclvp
3106,tennis,dnqs
3107,nerve,jepf
3108,barrel,uwrl
3109,bombing,afwn
3110,membership,emfqs
3111,ratio,rasjo
3112,menu,epjo
3113,purchase,chzs
3114,controversial,kdvxz
3115,desperate,jqspi
3116,rate,jraod
3117,lifestyle,fsiz
3118,humor,jwr
3119,loud,leuq
3120,glove,zluf
3121,suspect,cupx
3122,sufficient,cfksz
3123,narrative,dpuv
3124,photographer,fpeq
3125,helicopter,jkpw
3126,Catholic,kfux
3127,modest,mdlsz
3128,provider,pafiu
3129,delay,dxlzi
3130,agricultural,acofu
3131,explode,jkpwd
3132,stroke,sdqok
3133,scope,ckop
3134,punishment,pukqs
3135,handful,kudfw
3136,badly,auwli
3137,horizon,koraw
3138,curious,xjc
3139,downtown,eoupw
3140,girlfriend,fpqd
3141,prompt,ajpvd
3142,request,rkoqs
3143,cholesterol,xcjvl
3144,absorb,acoj
3145,adjustment,jocp
3146,taxpayer,dfuxp
3147,eager,aywer
3148,principal,jkqpl
3149,detailed,dyavx
3150,motivation,fajkw
3151,assignment,ckmz
3152,restriction,dhxz
3153,across,icvas
3154,Palestinian,pcfku
3155,laboratory,diquw
3156,workshop,wejkp
3157,differently,fkq
3158,auto,aruw
3159,romantic,ewpuk
3160,cotton,fxan
3161,motor,mewqr
3162,sue,fseou
3163,flavor,avh
3164,overlook,fwuk
3165,float,fldwm
3166,undergo,udipw
3167,sequence,cpxoa
3168,demonstration,fmcsz
3169,jet,jdv
3170,orange,orepj
3171,consumption,kfopx
3172,assert,aoerw
3173,blade,jlzid
3174,temporary,dopiv
3175,medication,mfkx
3176,print,prdkq
3177,cabin,xaipu
3178,bite,oiqd
3179,relative,auiv
3180,edition,jksav
3181,valley,vauli
3182,yours,jox
3183,pitch,picz
3184,pine,pkv
3185,brilliant,dipqw
3186,versus,fcx
3187,manufacturing,jofkx
3188,risk,eqsk
3189,Christian,xcapv
3190,complex,kmlxc
3191,absolute,biou
3192,chef,ashef
3193,discrimination,fkpxz
3194,offensive,fjckp
3195,German,jpraw
3196,suit,souvd
3197,boom,bouk
3198,register,ejqs
3199,appoint,apoeu
3200,heritage,fiwj
3201,God,jadv
3202,terrorist,dvsz
3203,dominant,kmz
3204,successfully,cxflz
3205,shit,shdq
3206,lemon,lkmav
3207,hungry,luwri
3208,sense,cjps
3209,dry,dqris
3210,wander,uoker
3211,submit,sdfmq
3212,economics,fkmxc
3213,naked,kaxvd
3214,anticipate,dkpqu
3215,nut,put
3216,legacy,vasy
3217,extension,kcpvx
3218,shrug,sroq
3219,fly,pqli
3220,battery,aioru
3221,arrival,ijzfl
3222,legitimate,ijeqw
3223,orientation,odkpq
3224,inflation,flkpq
3225,cope,lkfwp
3226,flame,fleqm
3227,cluster,clusv
3228,host,doqw
3229,wound,uokw
3230,dependent,djpkq
3231,shower,souif
3232,institutional,gopu
3233,depict,djpix
3234,operating,fpeiq
3235,flesh,plvs
3236,garage,ijoas
3237,operator,apijo
3238,instructor,dkoxv
3239,collapse,kuvps
3240,borrow,qrw
3241,furthermore,dpoq
3242,comedy,xamdv
3243,mortgage,eowij
3244,sanction,cpuxi
3245,civilian,cjvlp
3246,twelve,duzlf
3247,weekly,uixlv
3248,habitat,eiuw
3249,grain,gjk
3250,brush,qus
3251,consciousness,xajpv
3252,devote,difjw
3253,crack,kflux
3254,measurement,dkzmv
3255,province,pjkvs
3256,ease,ixz
3257,seize,syz
3258,ethics,fqlks
3259,nomination,kmsvz
3260,permission,pkoav
3261,wise,uix
3262,actress,auxfc
3263,summit,sudiv
3264,acid,fusid
3265,odds,advx
3266,gifted,jflqd
3267,frustration,fpuc
3268,medium,dfqm
3269,function,fokx
3270,physically,fzx
3271,grant,akuvd
3272,distinguish,ciuzs
3273,shore,shq
3274,repeatedly,piduz
3275,lung,luv
3276,firm,lfekm
3277,running,rokq
3278,correct,dfhx
3279,distinct,cfnx
3280,artistic,acvx
3281,discourse,ckovs
3282,basket,acxiu
3284,fighting,fwn
3285,impressive,mqsf
3286,competitor,xpz
3287,ugly,uvli
3288,worried,wofid
3289,portray,pofai
3290,powder,powei
3291,ghost,jospd
3292,persuade,pcoaf
3293,moderate,mdvz
3294,subsequent,okwpr
3295,continued,xajop
3296,cookie,lkuxv
3297,carrier,kruew
3298,cooking,kuxlz
3299,frequent,fkop
3300,ban,aukv
3301,swing,seoiq
3302,orange,orepj
3303,awful,ajwfl
3304,admire,kdmqr
3305,pet,peq
3306,miracle,mvaxl
3307,exceed,csyf
3308,rhythm,lqerm
3309,widespread,uiqsp
3310,killing,xiljv
3311,lovely,luvsi
3312,sin,seipj
3313,charity,caoui
3314,script,krlpq
3315,tactic,dfkux
3316,identification,fjxp
3317,transformation,cfopu
3318,everyday,fuidw
3319,headline,dkqw
3320,crash,klqus
3321,venture,fcjip
3322,invasion,fpz
3323,military,mdlqw
3324,nonetheless,kopvc
3325,adequate,aixou
3326,piano,pakuw
3327,grocery,osiq
3328,intensity,dkpqw
3329,exhibit,djxiz
3330,high,wji
3331,blanket,dluxz
3332,margin,ajipw
3333,principal,jkqpl
3334,quarterback,kuorw
3335,mouse,qouse
3336,rope,jrewp
3337,concrete,cafxh
3338,prescription,ckjxz
3339,African-American,fkuxz
3340,chase,cfhas
3341,document,kjop
3342,brick,qrk
3343,recruit,dfxou
3344,patch,paucf
3345,consensus,kcpxz
3346,horror,jorew
3347,recording,vxod
3348,changing,cajkv
3349,painter,pkqr
3350,colonial,kajox
3351,pie,piv
3352,sake,calkv
3353,gaze,jaisv
3354,courage,xfij
3355,pregnancy,pkusz
3356,swear,qsuer
3357,defeat,dofiz
3358,clue,clxu
3359,reinforce,ifopc
3360,win,uips
3361,confusion,kfjz
3362,slice,czis
3363,occupation,xjop
3364,dear,diqrw
3365,coal,keuwl
3366,sacred,caxij
3367,criminal,kmvxl
3368,formula,jopa
3369,cognitive,xadnv
3370,collective,dhxv
3371,exact,duzk
3372,uncle,uvxl
3373,square,skueq
3374,captain,kgpu
3375,sigh,qsy
3376,attribute,dijoz
3377,dare,djqr
3378,okay,fwka
3379,homeless,joaw
3380,cool,kqul
3381,gallery,lqru
3382,soccer,caxif
3383,defendant,efkop
3384,tunnel,dupql
3385,fitness,fjkac
3386,lap,flaup
3387,grave,ioav
3388,toe,jto
3389,container,kpxz
3390,virtue,fcou
3391,abroad,ajowd
3392,architect,adhvx
3393,dramatically,iuxz
3394,makeup,ixop
3395,inquiry,jkwr
3396,rose,qrose
3397,surprisingly,sfzn
3398,highlight,dioqw
3399,decrease,fxyc
3400,indication,djkxz
3401,rail,jralw
3402,anniversary,kuvc
3403,couch,xouc
3404,alliance,fljpc
3405,hypothesis,jpafw
3406,boyfriend,kofeu
3407,compose,kpoz
3408,peer,pqr
3409,mess,mvs
3410,rank,auvlk
3411,legend,jkqd
3412,regulate,dijov
3413,adolescent,apruw
3414,shine,sipq
3415,norm,kwrm
3416,upset,opsv
3417,remark,mzx
3418,resign,fkz
3419,reward,euorw
3420,gentle,jptl
3421,related,eiqru
3422,organ,orakj
3423,lightly,dvzy
3424,concerning,kfjpx
3425,invent,dfkop
3426,laughter,dfuix
3427,fit,lfiqd
3428,northwest,ofups
3429,counseling,xoucp
3430,tight,qdiw
3431,receiver,jsiv
3432,ritual,icous
3433,insect,djpx
3434,interrupt,dkopv
3435,salmon,sapuv
3436,favor,faoep
3437,trading,aefwn
3438,concern,kcjx
3439,magic,ajfc
3440,superior,sopiu
3441,combat,xaduv
3442,stem,cfm
3443,surgeon,sjkq
3444,acceptable,jkpb
3445,physics,flzcs
3446,rape,oraip
3447,counsel,kowep
3448,brush,qus
3449,jeans,jpx
3450,hunt,dupw
3451,continuous,xjopc
3452,log,jlpg
3453,echo,elkqw
3454,pill,pql
3455,excited,csyv
3456,sculpture,ckojp
3457,compound,xapou
3458,integrate,idopz
3459,flour,power
3460,bitter,oiqer
3461,bare,qerw
3462,slope,sefop
3463,rent,rdkjq
3464,presidency,pfkzc
3465,serving,svn
3466,subtle,suql
3467,greatly,erqwy
3468,bishop,efsjp
3469,drinking,dnxv
3470,delay,dxlzi
3471,cry,luri
3472,acceptance,dkfxz
3473,collapse,kuvps
3474,shop,fjsap
3475,pump,oqp
3476,candy,xpudi
3477,evil,ifjlw
3478,final,fipcl
3479,finance,fkpu
3480,pleased,plvzd
3481,medal,mqdls
3482,beg,jeq
3483,sponsor,cvsiz
3484,ethical,zfixl
3485,secondary,cfxay
3486,slam,slamv
3487,export,xcpo
3488,experimental,xcmz
3489,melt,mdlq
3490,midnight,mdfkz
3491,net,jkt
3492,curve,lkeqf
3493,integrity,dpqui
3494,entitle,dkvzl
3495,evident,jviap
3496,logic,lajfc
3497,essence,jcavs
3498,park,pjrlk
3499,exclude,kcxou
3500,harsh,wary
3501,closet,dhz
3502,suburban,cajpv
3503,greet,qrywd
3504,favor,faoep
3505,interior,ipruw
3506,corridor,xidov
3507,murder,mekqr
3508,retail,eyfaw
3509,pitcher,pcjix
3510,march,avch
3511,snake,cpfax
3512,pitch,picz
3513,excuse,kxjo
3514,cross,kqose
3515,weakness,ofkxc
3516,pig,jpig
3517,cold,kqwld
3518,classical,cluvx
3519,estimated,cyz
3520,T-shirt,dfshq
3521,online,klpq
3522,unemployment,ufkpo
3523,civilization,svz
3524,fold,jpwld
3525,patient,pdsjz
3526,pop,fajp
3527,daily,eawy
3528,reverse,jvs
3529,missing,szn
3530,correlation,copsz
3531,humanity,joakw
3532,flash,flqus
3533,developer,flpq
3534,reliable,jiqwl
3535,excitement,kcmxz
3536,beef,qif
3537,Islam,vclam
3538,Roman,rewan
3539,stretch,sdfzh
3540,architecture,dfxhz
3541,occasional,fkxzl
3542,administrative,mczv
3543,elbow,elpuw
3544,deadly,duzi
3545,Muslim,uzli
3546,Hispanic,ipuw
3547,allegation,lipqu
3548,tip,eqip
3549,confuse,kfjlz
3550,airplane,fkplz
3551,monthly,mkflq
3552,duck,dqulk
3553,dose,zos
3554,Korean,xapj
3555,plead,plieq
3556,initiate,dnfsz
3557,lecture,lvxci
3558,van,fapu
3559,sixth,cjlsf
3560,bay,bui
3561,mainstream,cfkzm
3562,suburb,cuv
3563,sandwich,aopcu
3564,unlike,uflpk
3565,trunk,drulq
3566,rumor,aouer
3567,implementation,dfhq
3568,swallow,qulew
3569,motivate,mdfqw
3570,render,jpdiv
3571,longtime,ldxzm
3572,trap,drwup
3573,restrict,cxz
3574,cloth,clxf
3575,seemingly,smvlz
3576,legislative,jcv
3577,effectiveness,hxv
3578,enforce,fopc
3579,lens,lfkz
3580,reach,vch
3581,inspector,cpxiz
3582,lend,lpzd
3583,plain,pljkv
3584,fraud,fjawd
3585,companion,kfpux
3586,contend,kjpx
3587,nail,fpjal
3588,array,ijora
3589,strict,cixv
3590,assemble,fsmzl
3591,frankly,faxy
3592,rat,rauwd
3593,burst,djqs
3594,hallway,aouew
3595,cave,cav
3596,inevitable,pvzl
3597,southwest,dpufw
3598,monster,koqs
3599,speed,cpj
3600,protest,proqs
3601,unexpected,opvxd
3602,obstacle,jszcl
3603,facilitate,fqsy
3604,encounter,owpir
3605,rip,ripu
3606,herb,eorq
3607,overwhelming,oviu
3608,integration,gjkop
3609,crystal,xiczl
3610,recession,cfspz
3611,wish,oisv
3612,top,fdapw
3613,written,qrwn
3614,motive,mewkf
3615,label,lpibu
3616,flood,fzod
3617,pen,pekf
3618,ownership,kruwp
3619,nightmare,kqmwr
3620,notice,fopis
3621,inspection,chxz
3622,supervisor,sofz
3623,consult,xacof
